{
    "best_dice": 0.880477344714993,
    "best_epoch": 7,
    "best_loss": 0.6215546131134033
}