{
    "best_dice": 0.9595537781715393,
    "best_epoch": 64,
    "best_loss": 0.44753116369247437
}